{
    "image_folder": "fake_images_png_np",
    "total_time": 0.6963553428649902,
    "average_time": 6.963553428649903e-05
}
{
    "image_folder": "fake_images_jpg_np",
    "total_time": 0.5564107894897461,
    "average_time": 5.564107894897461e-05
}
{
    "image_folder": "fake_images_pickle_np",
    "total_time": 7.342768430709839,
    "average_time": 0.0007342768430709839
}
{
    "image_folder": "fake_images_png_torch",
    "total_time": 0.5985708236694336,
    "average_time": 5.985708236694336e-05
}
{
    "image_folder": "fake_images_jpg_torch",
    "total_time": 0.5484848022460938,
    "average_time": 5.4848480224609374e-05
}
{
    "image_folder": "fake_images_pickle_torch",
    "total_time": 6.567943811416626,
    "average_time": 0.0006567943811416627
}
