{
    "image_folder": "fake_images_numpy/pickle",
    "total_time": 7.348634243011475,
    "average_time": 0.0007348634243011475
}
{
    "image_folder": "fake_images_numpy/png",
    "total_time": 7.635102987289429,
    "average_time": 0.0007635102987289429
}
{
    "image_folder": "fake_images_numpy/single_file_pickle",
    "total_time": 1.2613677978515625,
    "average_time": 1.2613677978515625
}
